date,pollution_today,dew
1/2/2010,145.9583333,-8.5
1/3/2010,78.83333333,-10.125
1/4/2010,31.33333333,-20.875
1/5/2010,42.45833333,-24.58333333
1/6/2010,56.41666667,-23.70833333
1/7/2010,69,-21.25
1/8/2010,176.2083333,-17.125
1/9/2010,88.5,-16.33333333
1/10/2010,57.25,-15.95833333
1/11/2010,20,-20.70833333
1/12/2010,20.75,-23.54166667
1/13/2010,40.20833333,-21.95833333
1/14/2010,93.70833333,-17.625
1/15/2010,45.45833333,-17.16666667
1/16/2010,177.625,-13.5
1/17/2010,209.2083333,-12.08333333
1/18/2010,260.2083333,-9.666666667
1/19/2010,340.75,-3.791666667
1/20/2010,85.33333333,-11.04166667
1/21/2010,27.04166667,-21.16666667
1/22/2010,29.41666667,-18.79166667
1/23/2010,23.96568627,-17.70833333
1/24/2010,40.92647059,-17.25
1/25/2010,64.22058824,-21.875
1/26/2010,138.6372549,-15.375
1/27/2010,122.3333333,-11.70833333
1/28/2010,21.16666667,-19.125
1/29/2010,23.875,-21.625
1/30/2010,44.29166667,-18.70833333
1/31/2010,39.25,-15.79166667
2/1/2010,64.79166667,-10.08333333
2/2/2010,65.625,-16.29166667
2/3/2010,77.54166667,-19.95833333
2/4/2010,58.5,-20.5
2/5/2010,78.45833333,-14.33333333
2/6/2010,76.125,-10.45833333
2/7/2010,109.1666667,-6.5
2/8/2010,178.0833333,-5.25
2/9/2010,157.25,-9.833333333
2/10/2010,12.41666667,-22.29166667
2/11/2010,14.33333333,-22.125
2/12/2010,23.08333333,-21.54166667
2/13/2010,78.08333333,-17.83333333
2/14/2010,131.9791667,-20
2/15/2010,30,-22.29166667
2/16/2010,93.58333333,-16.95833333
2/17/2010,67.29166667,-19.08333333
2/18/2010,79.66666667,-19
2/19/2010,112.9583333,-15.58333333
2/20/2010,178.5,-10.29166667
2/21/2010,125.75,-9.708333333
2/22/2010,94.5,-7.791666667
2/23/2010,166.5,-6.541666667
2/24/2010,277.7083333,-2.5
2/25/2010,169.625,-1.333333333
2/26/2010,69.875,-6.791666667
2/27/2010,76.41666667,-6.375
2/28/2010,83.58333333,-7.125
3/1/2010,57.91666667,-5.041666667
3/2/2010,90.08333333,-8.458333333
3/3/2010,157.875,-6.208333333
3/4/2010,186.0833333,-3.458333333
3/5/2010,31.33333333,-20.33333333
3/6/2010,50.04166667,-17.33333333
3/7/2010,87.25,-10.25
3/8/2010,48.33333333,-6.875
3/9/2010,18,-17.95833333
3/10/2010,59.58333333,-13.70833333
3/11/2010,171.625,-7.791666667
3/12/2010,49.20833333,-14.29166667
3/13/2010,62.125,-9.75
3/14/2010,83.875,-3.541666667
3/15/2010,64.5,-9.75
3/16/2010,64.25,-10.79166667
3/17/2010,40.79166667,-12.83333333
3/18/2010,157.6666667,-3.291666667
3/19/2010,228.4166667,1.791666667
3/20/2010,203.0416667,-6.916666667
3/21/2010,68.91666667,-8.041666667
3/22/2010,157.125,-8
3/23/2010,52.125,-7.75
3/24/2010,62.83333333,-6.541666667
3/25/2010,30.41666667,-11
3/26/2010,67.70833333,-10.75
3/27/2010,72.33333333,-8.541666667
3/28/2010,71.79166667,-7.166666667
3/29/2010,213.7083333,-0.208333333
3/30/2010,215.0856481,6.5
3/31/2010,141.4351852,1.666666667
4/1/2010,28.04166667,-16.66666667
4/2/2010,30.75,-15.25
4/3/2010,101.2083333,-7.416666667
4/4/2010,123.5,-4.791666667
4/5/2010,135.0833333,1.708333333
4/6/2010,20.375,-12.29166667
4/7/2010,92.875,-5.916666667
4/8/2010,106,0.875
4/9/2010,85.91666667,2.25
4/10/2010,36.20833333,-8.416666667
4/11/2010,68.75,0.25
4/12/2010,47.79166667,-6.208333333
4/13/2010,20.125,-16.70833333
4/14/2010,56.79166667,-9.75
4/15/2010,171.0833333,0.708333333
4/16/2010,211,2.75
4/17/2010,147.5833333,3.375
4/18/2010,232.625,6.458333333
4/19/2010,211.125,7.958333333
4/20/2010,82.83333333,4
4/21/2010,39.58333333,2.208333333
4/22/2010,39.41666667,5.333333333
4/23/2010,33.16666667,-4.041666667
4/24/2010,86.54166667,1.333333333
4/25/2010,87.5,6.541666667
4/26/2010,13.375,-5.458333333
4/27/2010,24.66666667,-10.70833333
4/28/2010,16.375,-9.583333333
4/29/2010,18.66666667,-6.75
4/30/2010,27.58333333,-5.708333333
5/1/2010,69.375,-0.083333333
5/2/2010,78.04166667,0.375
5/3/2010,109.875,3.25
5/4/2010,137.2916667,11.625
5/5/2010,125.4583333,9.708333333
5/6/2010,18.95833333,0.25
5/7/2010,96.41666667,2.416666667
5/8/2010,128.2916667,6.5
5/9/2010,79.875,0.666666667
5/10/2010,47.45833333,-0.458333333
5/11/2010,16.04166667,2
5/12/2010,43.66666667,5.958333333
5/13/2010,67.33333333,6.125
5/14/2010,136.125,9.291666667
5/15/2010,181.75,12.25
5/16/2010,109.9583333,12.375
5/17/2010,69.375,13.29166667
5/18/2010,51.625,10.25
5/19/2010,33.91666667,3.75
5/20/2010,64.08333333,4.875
5/21/2010,108.2083333,10.875
5/22/2010,151.3333333,11.5
5/23/2010,125.25,9.958333333
5/24/2010,45.79166667,7.333333333
5/25/2010,33.20833333,3.958333333
5/26/2010,81.91666667,11
5/27/2010,85.35416667,14.54166667
5/28/2010,130.875,16.16666667
5/29/2010,143.5,13.04166667
5/30/2010,39.45833333,11.125
5/31/2010,84.41666667,13.29166667
6/1/2010,109.8875,14.41666667
6/2/2010,93.44583333,14.75
6/3/2010,115.4583333,13.04166667
6/4/2010,81.3390411,11.83333333
6/5/2010,101.1712329,12.33333333
6/6/2010,125.8287671,12.625
6/7/2010,137.9526256,15.20833333
6/8/2010,158.0964912,12.70833333
6/9/2010,83.88267544,12.08333333
6/10/2010,49.875,14.625
6/11/2010,86.83333333,15.45833333
6/12/2010,110.1666667,16.29166667
6/13/2010,115.9583333,17.70833333
6/14/2010,83.66666667,18.08333333
6/15/2010,146.375,18.79166667
6/16/2010,93.91666667,18.70833333
6/17/2010,36.66666667,17.45833333
6/18/2010,67.08333333,17.04166667
6/19/2010,94.5,18.08333333
6/20/2010,80.5,16.04166667
6/21/2010,74.20833333,15.375
6/22/2010,132.7916667,17.04166667
6/23/2010,90.70833333,10.95833333
6/24/2010,76.83333333,13.04166667
6/25/2010,163.4166667,15.70833333
6/26/2010,173.4166667,16.58333333
6/27/2010,117.9583333,15.625
6/28/2010,153.4166667,18.95833333
6/29/2010,188.5416667,19.54166667
6/30/2010,177.5,20.04166667
7/1/2010,126.1666667,21.16666667
7/2/2010,27.54166667,16.91666667
7/3/2010,68.95833333,19.125
7/4/2010,91.79166667,19.125
7/5/2010,48.08333333,12.29166667
7/6/2010,25.58333333,9.666666667
7/7/2010,56.91666667,16.125
7/8/2010,45.625,14.625
7/9/2010,86.16666667,18.25
7/10/2010,80.875,19.79166667
7/11/2010,163.9166667,20.41666667
7/12/2010,120.9583333,20.41666667
7/13/2010,106.25,20.875
7/14/2010,129.2916667,21.70833333
7/15/2010,195.9166667,21.83333333
7/16/2010,202.75,22.58333333
7/17/2010,113.6666667,22.16666667
7/18/2010,156.0416667,22.58333333
7/19/2010,167.8333333,22.25
7/20/2010,43.16666667,19.83333333
7/21/2010,70.83333333,21.625
7/22/2010,163.4583333,23.45833333
7/23/2010,173.5416667,23.45833333
7/24/2010,94.08333333,23.04166667
7/25/2010,164.2083333,23.33333333
7/26/2010,210.875,24.33333333
7/27/2010,183.75,23.75
7/28/2010,176.75,23.95833333
7/29/2010,197.5833333,26.20833333
7/30/2010,214.9166667,25.25
7/31/2010,125.5833333,22.625
8/1/2010,41.54166667,18.20833333
8/2/2010,68.79166667,16.25
8/3/2010,146.1666667,18.95833333
8/4/2010,120.0833333,21.375
8/5/2010,22.41666667,13.20833333
8/6/2010,19.875,13.04166667
8/7/2010,79.875,18.04166667
8/8/2010,92.83333333,20.04166667
8/9/2010,238.1666667,22.41666667
8/10/2010,148.1666667,18.83333333
8/11/2010,116.1666667,21.95833333
8/12/2010,92.33333333,21.29166667
8/13/2010,132.34843,24.58333333
8/14/2010,136.3478261,13.41666667
8/15/2010,125.2173913,11.16666667
8/16/2010,102.3363527,16.08333333
8/17/2010,141.875,18.45833333
8/18/2010,233.8333333,22.5
8/19/2010,110.1666667,21.33333333
8/20/2010,119.25,22.16666667
8/21/2010,38.66666667,19.375
8/22/2010,21.95833333,16.29166667
8/23/2010,79.375,18.66666667
8/24/2010,132.375,19.41666667
8/25/2010,87.625,17.625
8/26/2010,63.875,17
8/27/2010,39.41666667,15.16666667
8/28/2010,47.66666667,16.54166667
8/29/2010,114.8333333,18.95833333
8/30/2010,109.4166667,19.75
8/31/2010,88.79166667,19.54166667
9/1/2010,70.375,18.95833333
9/2/2010,96.20833333,18.83333333
9/3/2010,110.9166667,19.08333333
9/4/2010,93.58333333,16.875
9/5/2010,118.7916667,19.16666667
9/6/2010,153.9583333,19.95833333
9/7/2010,134.5833333,18.25
9/8/2010,96.54166667,14.08333333
9/9/2010,159.75,15.66666667
9/10/2010,99.75,12.04166667
9/11/2010,61.375,12.45833333
9/12/2010,121.2083333,14.66666667
9/13/2010,156.5833333,16.45833333
9/14/2010,195.7916667,16.70833333
9/15/2010,306.6666667,19.33333333
9/16/2010,195.5,19.875
9/17/2010,45.04166667,14.75
9/18/2010,23.29166667,12.70833333
9/19/2010,70.27083333,13.95833333
9/20/2010,92.75,15.08333333
9/21/2010,7.913995726,11.16666667
9/22/2010,12.27884615,3.625
9/23/2010,18.58653846,7.75
9/24/2010,24.89423077,10
9/25/2010,31.20192308,11.375
9/26/2010,37.50961538,6.583333333
9/27/2010,45.99553225,1.083333333
9/28/2010,86.53246753,-0.166666667
9/29/2010,137.6493506,6.083333333
9/30/2010,188.8333333,10.16666667
10/1/2010,223.5,13.75
10/2/2010,35.04166667,11.375
10/3/2010,10,2.375
10/4/2010,24.54166667,6.916666667
10/5/2010,77.08333333,10.41666667
10/6/2010,268.8333333,13.29166667
10/7/2010,377.0833333,13.375
10/8/2010,368.2916667,12.875
10/9/2010,357.25,12.66666667
10/10/2010,387.9583333,14
10/11/2010,10.375,6.916666667
10/12/2010,50.79166667,5.916666667
10/13/2010,116.25,8.583333333
10/14/2010,16.04166667,0
10/15/2010,39.33333333,-0.041666667
10/16/2010,76.25,5.166666667
10/17/2010,45.70833333,-2.875
10/18/2010,67.75,3.375
10/19/2010,71.66666667,6.75
10/20/2010,82.20833333,6.666666667
10/21/2010,124.375,8.333333333
10/22/2010,168.9166667,9.541666667
10/23/2010,216.625,11.375
10/24/2010,101.4583333,6.5
10/25/2010,11.125,-8.375
10/26/2010,13.04166667,-11.04166667
10/27/2010,86.875,-3
10/28/2010,77.29166667,-0.708333333
10/29/2010,52.125,-0.5
10/30/2010,50.70833333,-0.166666667
10/31/2010,72.70833333,0.25
11/1/2010,51.77651515,-4.541666667
11/2/2010,45.5,-6.75
11/3/2010,71.43181818,-0.916666667
11/4/2010,65.79166667,-0.833333333
11/5/2010,101.5,1.208333333
11/6/2010,271.0833333,4.208333333
11/7/2010,69.375,-2
11/8/2010,12.875,-9.083333333
11/9/2010,59.33333333,-5.583333333
11/10/2010,130.4583333,-2.708333333
11/11/2010,75.75,-2.333333333
11/12/2010,66.04166667,-7.583333333
11/13/2010,17.04166667,-12.83333333
11/14/2010,22,-8
11/15/2010,52.91666667,-6.666666667
11/16/2010,138.9583333,-4
11/17/2010,320.1666667,-3
11/18/2010,384.5,0
11/19/2010,370.3333333,0.083333333
11/20/2010,296.5833333,-0.708333333
11/21/2010,136.7083333,-8
11/22/2010,67.25,-10.16666667
11/23/2010,230.875,-7.041666667
11/24/2010,71.75,-12.66666667
11/25/2010,66.625,-11.70833333
11/26/2010,116.6666667,-10.41666667
11/27/2010,27.66666667,-19.79166667
11/28/2010,171.4166667,-12.20833333
11/29/2010,190.4166667,-4.416666667
11/30/2010,224.2083333,-1.916666667
12/1/2010,257.625,-0.958333333
12/2/2010,83.5,-12.625
12/3/2010,74.75,-12.625
12/4/2010,167.3333333,-9.291666667
12/5/2010,78.45833333,-9.416666667
12/6/2010,17.875,-17.75
12/7/2010,57,-16
12/8/2010,39.41666667,-11.875
12/9/2010,193.9583333,-7.958333333
12/10/2010,104.375,-12.45833333
12/11/2010,45.75,-15.70833333
12/12/2010,115.4583333,-10.33333333
12/13/2010,20.83333333,-21.20833333
12/14/2010,17.33333333,-22.91666667
12/15/2010,22.41666667,-25.04166667
12/16/2010,54.20833333,-21
12/17/2010,108.3333333,-16.70833333
12/18/2010,271.75,-12.16666667
12/19/2010,153.125,-13.125
12/20/2010,200.2916667,-11.70833333
12/21/2010,434.8333333,-7.5
12/22/2010,145.125,-13.66666667
12/23/2010,23.16666667,-23.20833333
12/24/2010,43.45833333,-25
12/25/2010,55.58333333,-22.33333333
12/26/2010,50.625,-17.70833333
12/27/2010,79.70833333,-16.58333333
12/28/2010,28.16666667,-19.66666667
12/29/2010,36.625,-17
12/30/2010,17.58333333,-22.70833333
12/31/2010,18.66666667,-21.91666667
1/1/2011,29,-19.125
1/2/2011,36.66666667,-16.95833333
1/3/2011,162.2916667,-14.5
1/4/2011,91.33333333,-15.41666667
1/5/2011,20.25,-20.04166667
1/6/2011,15.875,-19.20833333
1/7/2011,46.66666667,-17.83333333
1/8/2011,59.6292517,-17.20833333
1/9/2011,27.87755102,-22.375
1/10/2011,52.36819728,-20.83333333
1/11/2011,27,-20.58333333
1/12/2011,62.79166667,-20.16666667
1/13/2011,126.375,-18.75
1/14/2011,17.58333333,-20.95833333
1/15/2011,16.125,-25.25
1/16/2011,36.08333333,-21.75
1/17/2011,37.875,-20.83333333
1/18/2011,20.20833333,-22.20833333
1/19/2011,20.75,-22.20833333
1/20/2011,38.75,-21.5
1/21/2011,71.66666667,-20.125
1/22/2011,56.29166667,-18.25
1/23/2011,14.5,-21.16666667
1/24/2011,44.29166667,-19.95833333
1/25/2011,34.29166667,-20.83333333
1/26/2011,67.54166667,-19.625
1/27/2011,31.875,-20.20833333
1/28/2011,18.20833333,-20.95833333
1/29/2011,11.91666667,-23.25
1/30/2011,21.20833333,-20.91666667
1/31/2011,28.66666667,-19.125
2/1/2011,35.08333333,-19.625
2/2/2011,53.29166667,-18.58333333
2/3/2011,100.875,-17.45833333
2/4/2011,131.125,-13.54166667
2/5/2011,113.25,-9.75
2/6/2011,54.04166667,-10.66666667
2/7/2011,141.625,-9.75
2/8/2011,98.45833333,-11.875
2/9/2011,126.875,-7.875
2/10/2011,65,-4.75
2/11/2011,62.20833333,-12.33333333
2/12/2011,27.58333333,-17.20833333
2/13/2011,73.625,-8.083333333
2/14/2011,33.125,-17.125
2/15/2011,202.2083333,-10.75
2/16/2011,268.875,-8.041666667
2/17/2011,209.625,-7.333333333
2/18/2011,192.5833333,-9.708333333
2/19/2011,189.25,-9
2/20/2011,349.4583333,-5.791666667
2/21/2011,493.9166667,-4.041666667
2/22/2011,401.4583333,-5.291666667
2/23/2011,416.6666667,-3.916666667
2/24/2011,143.4583333,-9.916666667
2/25/2011,70.91666667,-8.375
2/26/2011,76.25,-4.416666667
2/27/2011,58.54166667,-4.75
2/28/2011,19.625,-11.08333333
3/1/2011,23.5,-14.79166667
3/2/2011,25.5,-15.79166667
3/3/2011,15.70833333,-15.16666667
3/4/2011,59.375,-11
3/5/2011,96.95833333,-5.166666667
3/6/2011,14.77083333,-13.79166667
3/7/2011,17.97916667,-14.875
3/8/2011,17.20833333,-16.375
3/9/2011,20.27083333,-15.83333333
3/10/2011,48.70833333,-13.75
3/11/2011,92.95833333,-10.70833333
3/12/2011,275.5416667,-3.541666667
3/13/2011,175.2083333,-5.833333333
3/14/2011,14.70833333,-17.25
3/15/2011,15.95833333,-18.08333333
3/16/2011,38.41666667,-13
3/17/2011,114.2762681,-8.208333333
3/18/2011,106.9619565,-9.208333333
3/19/2011,77.48369565,-8.791666667
3/20/2011,48.00543478,-4.541666667
3/21/2011,22.62681159,-17.45833333
3/22/2011,17.41666667,-20.66666667
3/23/2011,21.625,-16.45833333
3/24/2011,10.625,-19.16666667
3/25/2011,21.04166667,-14.54166667
3/26/2011,61.66666667,-11.25
3/27/2011,22.70833333,-13.83333333
3/28/2011,45.66666667,-8.375
3/29/2011,79.83333333,-5.958333333
3/30/2011,101.625,-5.833333333
3/31/2011,201.9166667,1.291666667
4/1/2011,46.72916667,-5.5
4/2/2011,60.35416667,-3.583333333
4/3/2011,126.4166667,-8.166666667
4/4/2011,126,-7.958333333
4/5/2011,207.6666667,-4.791666667
4/6/2011,145.9056604,1.958333333
4/7/2011,96.5,-6.583333333
4/8/2011,45.46933962,-9.666666667
4/9/2011,92.625,-4.541666667
4/10/2011,22.25,-15.25
4/11/2011,19.91666667,-14.66666667
4/12/2011,101.7916667,-4.083333333
4/13/2011,168.1666667,5.041666667
4/14/2011,93.29166667,1.125
4/15/2011,35.77083333,-4.666666667
4/16/2011,68.54166667,-1.791666667
4/17/2011,60.20833333,-6.125
4/18/2011,16.60416667,-10
4/19/2011,76.5,-1.333333333
4/20/2011,142.3333333,4.75
4/21/2011,94.89583333,6.625
4/22/2011,48,4.708333333
4/23/2011,25.91666667,2.25
4/24/2011,17.9375,-2.583333333
4/25/2011,110.4583333,4.166666667
4/26/2011,76.29166667,4.583333333
4/27/2011,44.45833333,1.25
4/28/2011,101.6666667,4.666666667
4/29/2011,166.3125,10.625
4/30/2011,163.875,4.791666667
5/1/2011,68,-1.875
5/2/2011,24.20833333,-5.708333333
5/3/2011,20.33333333,-3.291666667
5/4/2011,66.25,7.291666667
5/5/2011,109.3333333,5
5/6/2011,52.79166667,0.041666667
5/7/2011,32.10416667,4.125
5/8/2011,60.5,8.125
5/9/2011,51.66666667,7.958333333
5/10/2011,33.625,6.083333333
5/11/2011,104.5416667,3.625
5/12/2011,42.54166667,-5.916666667
5/13/2011,31.75,-3.791666667
5/14/2011,30.41666667,-2.375
5/15/2011,39.41666667,0.541666667
5/16/2011,52.83333333,2.375
5/17/2011,146.0416667,11.95833333
5/18/2011,184.1666667,13.41666667
5/19/2011,12.70833333,3.875
5/20/2011,33.08333333,-1.708333333
5/21/2011,41.95833333,-1.958333333
5/22/2011,65.04166667,2.416666667
5/23/2011,103.6666667,8.166666667
5/24/2011,69.20833333,9.75
5/25/2011,60.875,9.875
5/26/2011,105.6486111,11.29166667
5/27/2011,102.3722222,14.04166667
5/28/2011,143.3333333,15.79166667
5/29/2011,107.7916667,17.5
5/30/2011,57.04166667,11.91666667
5/31/2011,13.45833333,8.416666667
6/1/2011,17.5,7.375
6/2/2011,77.95833333,10.25
6/3/2011,30.125,4.416666667
6/4/2011,40.375,7.958333333
6/5/2011,84.83333333,11.58333333
6/6/2011,95.20833333,15.95833333
6/7/2011,140.2916667,17.16666667
6/8/2011,27.16666667,16.29166667
6/9/2011,129.375,17.25
6/10/2011,115.8333333,16.41666667
6/11/2011,67.45833333,16.79166667
6/12/2011,22,12.125
6/13/2011,86.79166667,16.54166667
6/14/2011,153.7916667,16.79166667
6/15/2011,147.2083333,19.04166667
6/16/2011,115.7083333,17.25
6/17/2011,100.5416667,17.91666667
6/18/2011,182.5833333,19.125
6/19/2011,196.375,19.54166667
6/20/2011,180.125,18.04166667
6/21/2011,146.375,17
6/22/2011,250.7916667,20.375
6/23/2011,139.5416667,21.125
6/24/2011,26.95833333,15.875
6/25/2011,33.29166667,14.91666667
6/26/2011,52.16666667,14.95833333
6/27/2011,58.45833333,15.58333333
6/28/2011,140.125,18.75
6/29/2011,231.9583333,21.25
6/30/2011,143.1666667,22.04166667
7/1/2011,141.1666667,23.04166667
7/2/2011,158.8333333,23.41666667
7/3/2011,110.5,18.875
7/4/2011,64.58333333,18.04166667
7/5/2011,121.875,19.375
7/6/2011,171.375,21.29166667
7/7/2011,28.79166667,14.33333333
7/8/2011,23.20833333,14.95833333
7/9/2011,22,15.04166667
7/10/2011,82.66666667,19.25
7/11/2011,193.2083333,21.79166667
7/12/2011,110.9583333,21.45833333
7/13/2011,95.375,21.95833333
7/14/2011,104.6666667,21.91666667
7/15/2011,74.25,20.875
7/16/2011,75.75,19.91666667
7/17/2011,102.125,21.08333333
7/18/2011,103.9583333,20.625
7/19/2011,102.5833333,21.66666667
7/20/2011,42.33333333,21.91666667
7/21/2011,90.41666667,22.83333333
7/22/2011,167.75,23.83333333
7/23/2011,288.25,26.20833333
7/24/2011,240.9583333,25.625
7/25/2011,48.95833333,23.95833333
7/26/2011,50.16666667,22.79166667
7/27/2011,63.95833333,23.375
7/28/2011,202.9166667,25.33333333
7/29/2011,140.9166667,23.625
7/30/2011,40.875,21.91666667
7/31/2011,68.74088542,22.625
8/1/2011,93.1015625,25.16666667
8/2/2011,76.2265625,20
8/3/2011,62.32682292,20.41666667
8/4/2011,104.5833333,21.79166667
8/5/2011,150.5,23
8/6/2011,108.875,22.04166667
8/7/2011,108.8333333,23.20833333
8/8/2011,103.8333333,23.08333333
8/9/2011,168.1331522,24.125
8/10/2011,51.63768116,21.25
8/11/2011,98.875,23.66666667
8/12/2011,133.75,24.08333333
8/13/2011,120.625,24.375
8/14/2011,104.2083333,24.75
8/15/2011,119.0833333,23.75
8/16/2011,15.41666667,20.16666667
8/17/2011,51.20833333,21.16666667
8/18/2011,20.125,18.375
8/19/2011,58.33333333,19.95833333
8/20/2011,77.75,20.16666667
8/21/2011,85.08333333,20.5
8/22/2011,106.5,19.33333333
8/23/2011,111.7916667,19.58333333
8/24/2011,108.6458333,20
8/25/2011,99.29166667,20.25
8/26/2011,91,20.75
8/27/2011,90.125,19.375
8/28/2011,86.25,18.91666667
8/29/2011,120.0625,20.25
8/30/2011,164.9166667,22.375
8/31/2011,235.1666667,23.625
9/1/2011,38.91666667,16.66666667
9/2/2011,55.20833333,17.16666667
9/3/2011,84.54166667,19.125
9/4/2011,91.45833333,17.33333333
9/5/2011,90.375,16.875
9/6/2011,112.25,17.08333333
9/7/2011,163.2083333,18.33333333
9/8/2011,38.20833333,15.58333333
9/9/2011,21.29166667,9.958333333
9/10/2011,21.625,12.875
9/11/2011,43.45833333,14.08333333
9/12/2011,120.5833333,14.91666667
9/13/2011,120.0416667,17.83333333
9/14/2011,155.9166667,18.08333333
9/15/2011,156.1666667,18.04166667
9/16/2011,23.16666667,13.04166667
9/17/2011,17.91666667,3.833333333
9/18/2011,21.5,2.541666667
9/19/2011,28.70833333,4.833333333
9/20/2011,37,5.208333333
9/21/2011,39.5,5.916666667
9/22/2011,50.16666667,6.416666667
9/23/2011,116.4166667,10.41666667
9/24/2011,148.3333333,12.375
9/25/2011,260.3333333,14.625
9/26/2011,220.4166667,13.5
9/27/2011,216.5416667,13.70833333
9/28/2011,289.125,16.125
9/29/2011,58.75,2.375
9/30/2011,25,-1.041666667
10/1/2011,41.5,1.083333333
10/2/2011,23.66666667,-0.583333333
10/3/2011,31.90333333,1.375
10/4/2011,48.78,7.541666667
10/5/2011,84.3,9.958333333
10/6/2011,119.82,1.375
10/7/2011,148.3633333,8.375
10/8/2011,189.5,11.91666667
10/9/2011,359.4583333,14.375
10/10/2011,80.16666667,7.5
10/11/2011,111.375,11.45833333
10/12/2011,229.5833333,13.20833333
10/13/2011,100.0416667,11.5
10/14/2011,13.20833333,1.583333333
10/15/2011,14.33333333,2.916666667
10/16/2011,15.91666667,1.125
10/17/2011,30.375,1.333333333
10/18/2011,91.08333333,7.166666667
10/19/2011,171.75,9.791666667
10/20/2011,287.2083333,11.66666667
10/21/2011,252.5,10.75
10/22/2011,314.2083333,11.375
10/23/2011,192.0416667,6.791666667
10/24/2011,18.1875,-2.791666667
10/25/2011,40.75,-2.958333333
10/26/2011,164.1083333,3.541666667
10/27/2011,215.4541667,5
10/28/2011,174.5833333,3.958333333
10/29/2011,231.4166667,6.291666667
10/30/2011,285.7916667,7.375
10/31/2011,246.25,10.91666667
11/1/2011,214.5833333,11
11/2/2011,41.375,2.958333333
11/3/2011,67.16666667,6.333333333
11/4/2011,99.25,7.666666667
11/5/2011,29.875,4.5
11/6/2011,65.16666667,3.125
11/7/2011,57.45833333,1.375
11/8/2011,55.375,2.5
11/9/2011,37.20833333,-1.666666667
11/10/2011,65.91666667,-2.791666667
11/11/2011,150.0416667,0.708333333
11/12/2011,57.33333333,-5.958333333
11/13/2011,26.79166667,-11.70833333
11/14/2011,143.0416667,-6.625
11/15/2011,208.25,-0.083333333
11/16/2011,218.4583333,4
11/17/2011,121.2916667,5.916666667
11/18/2011,86.16666667,4.666666667
11/19/2011,23.5,-8.166666667
11/20/2011,53.08333333,-9.333333333
11/21/2011,137.5833333,-4
11/22/2011,167.2083333,-5.916666667
11/23/2011,19.45833333,-14.75
11/24/2011,177.7083333,-7.75
11/25/2011,213.3333333,-5.75
11/26/2011,247.0833333,-4.041666667
11/27/2011,225.7916667,-3.166666667
11/28/2011,138.625,-2.333333333
11/29/2011,63.625,-8.333333333
11/30/2011,95.77083333,-11.04166667
12/1/2011,158.0416667,-7.416666667
12/2/2011,320.625,-2.041666667
12/3/2011,125.5,-7.041666667
12/4/2011,259.2916667,-4.541666667
12/5/2011,320.4583333,-1.875
12/6/2011,239.2916667,-0.5
12/7/2011,127.5833333,-6.916666667
12/8/2011,11.04166667,-17.45833333
12/9/2011,18.20833333,-16.66666667
12/10/2011,34.29166667,-14
12/11/2011,84.66666667,-9.583333333
12/12/2011,48.08333333,-7.833333333
12/13/2011,159.6666667,-2.208333333
12/14/2011,14.45833333,-17.25
12/15/2011,14.54166667,-18.91666667
12/16/2011,23.04166667,-21.58333333
12/17/2011,106.9583333,-17.16666667
12/18/2011,54.08333333,-17.58333333
12/19/2011,57.75,-18.41666667
12/20/2011,87.91666667,-15.08333333
12/21/2011,24.22916667,-17.95833333
12/22/2011,27.25,-17.66666667
12/23/2011,58.125,-15.20833333
12/24/2011,39.41666667,-15.875
12/25/2011,86.79166667,-14.125
12/26/2011,135.4166667,-12.20833333
12/27/2011,198.625,-10.29166667
12/28/2011,171.7916667,-9.666666667
12/29/2011,61.375,-10.58333333
12/30/2011,132.7916667,-8.75
12/31/2011,159,-11.79166667
1/1/2012,78.95833333,-14.95833333
1/2/2012,67.58333333,-13.25
1/3/2012,14.79166667,-19.45833333
1/4/2012,30.66666667,-19.54166667
1/5/2012,113.0833333,-17.45833333
1/6/2012,119.5,-13.54166667
1/7/2012,112.75,-7.166666667
1/8/2012,165.5416667,-7.833333333
1/9/2012,173.5416667,-11.625
1/10/2012,246.3333333,-13.25
1/11/2012,50.91666667,-16.79166667
1/12/2012,155.25,-14.79166667
1/13/2012,59.20833333,-13.875
1/14/2012,70.475,-14.95833333
1/15/2012,111.0866667,-12.33333333
1/16/2012,181.8066667,-9.75
1/17/2012,281.0483333,-7
1/18/2012,397.9583333,-6.416666667
1/19/2012,426.7916667,-6.666666667
1/20/2012,58.66666667,-18.875
1/21/2012,15.45833333,-25.70833333
1/22/2012,48.04166667,-24.83333333
1/23/2012,199.875,-23.08333333
1/24/2012,21.375,-22.45833333
1/25/2012,61.5,-20.54166667
1/26/2012,109.75,-17.91666667
1/27/2012,73.625,-17.625
1/28/2012,86.75,-10.45833333
1/29/2012,46.58333333,-18.83333333
1/30/2012,117.9166667,-10.45833333
1/31/2012,76.375,-18.33333333
2/1/2012,18.54166667,-25.625
2/2/2012,28.20833333,-24.375
2/3/2012,71.04166667,-23.16666667
2/4/2012,35.25,-22.54166667
2/5/2012,127.875,-13.58333333
2/6/2012,79.79166667,-21.375
2/7/2012,18.04166667,-25.375
2/8/2012,14.83333333,-22.91666667
2/9/2012,47.54166667,-19.66666667
2/10/2012,25.70833333,-20.91666667
2/11/2012,87.79166667,-19
2/12/2012,106.5416667,-9.25
2/13/2012,203.5416667,-9.5
2/14/2012,112.7916667,-17.33333333
2/15/2012,112.0416667,-10.83333333
2/16/2012,13.58333333,-20.41666667
2/17/2012,13.75,-21.83333333
2/18/2012,32.41666667,-21.33333333
2/19/2012,70.04166667,-19.95833333
2/20/2012,145.0833333,-16.5
2/21/2012,117.3333333,-10.83333333
2/22/2012,167.7916667,-5.583333333
2/23/2012,23.45833333,-16.25
2/24/2012,96.04166667,-11.04166667
2/25/2012,22.58333333,-18.79166667
2/26/2012,58.91666667,-17
2/27/2012,189.9583333,-9.333333333
2/28/2012,208.5833333,-8.375
2/29/2012,216.4583333,-6.375
3/1/2012,253.1666667,-3.083333333
3/2/2012,127.1666667,-0.666666667
3/3/2012,94.04166667,-5.875
3/4/2012,127.875,-7.916666667
3/5/2012,172.625,-6.333333333
3/6/2012,21.25,-14.83333333
3/7/2012,20.0625,-14.79166667
3/8/2012,17.33333333,-19.875
3/9/2012,90.125,-11.125
3/10/2012,39.25,-16.20833333
3/11/2012,20.91666667,-21.91666667
3/12/2012,71.95833333,-16.83333333
3/13/2012,116.4583333,-12.5
3/14/2012,30.79166667,-15.83333333
3/15/2012,96.58333333,-7.25
3/16/2012,269.75,3.333333333
3/17/2012,202.625,2.958333333
3/18/2012,44.08333333,-4.416666667
3/19/2012,99.45833333,-2.541666667
3/20/2012,132.9583333,-2.458333333
3/21/2012,275.125,1.125
3/22/2012,172.75,-1.166666667
3/23/2012,31.91666667,-6.041666667
3/24/2012,18.70833333,-12.25
3/25/2012,40.41666667,-9.958333333
3/26/2012,153.625,-3.791666667
3/27/2012,116.9166667,-5.708333333
3/28/2012,49.16666667,-5.625
3/29/2012,47.75,-6
3/30/2012,15.79166667,-13.66666667
3/31/2012,26.54166667,-13.875
4/1/2012,57.04166667,-7.166666667
4/2/2012,42.25,-6.458333333
4/3/2012,21.29166667,-14.125
4/4/2012,16.625,-14.33333333
4/5/2012,16.375,-13.25
4/6/2012,29.625,-6.416666667
4/7/2012,74,-5.25
4/8/2012,54.04166667,-11.5
4/9/2012,123.0833333,0.916666667
4/10/2012,63.70833333,8.333333333
4/11/2012,19.25,-8
4/12/2012,32.25,-7.583333333
4/13/2012,54.29166667,0.041666667
4/14/2012,58.875,-0.125
4/15/2012,74.45833333,3.75
4/16/2012,32.45833333,-4.125
4/17/2012,120.9166667,4.791666667
4/18/2012,157.7916667,12.125
4/19/2012,110.875,10
4/20/2012,145.9166667,11.66666667
4/21/2012,167,10.66666667
4/22/2012,167.3333333,11.16666667
4/23/2012,251.9166667,13.875
4/24/2012,97.875,13.70833333
4/25/2012,19.54166667,-3.083333333
4/26/2012,73.45833333,3.916666667
4/27/2012,76.66666667,-2.666666667
4/28/2012,110.2083333,-7.916666667
4/29/2012,179.5416667,0.875
4/30/2012,174.2916667,11.66666667
5/1/2012,184.125,12.125
5/2/2012,98.45833333,9.5
5/3/2012,71.16666667,8.041666667
5/4/2012,117.9166667,11.375
5/5/2012,96.20833333,3.833333333
5/6/2012,106.1666667,8.708333333
5/7/2012,87.20833333,5.75
5/8/2012,83.79166667,6.166666667
5/9/2012,110.375,7.291666667
5/10/2012,177.25,12.58333333
5/11/2012,157.625,14.20833333
5/12/2012,104.875,12.54166667
5/13/2012,136.7083333,13.125
5/14/2012,46.375,-0.083333333
5/15/2012,33.875,-2.041666667
5/16/2012,28.375,-0.875
5/17/2012,56.125,6.5
5/18/2012,92.16666667,11.41666667
5/19/2012,151.1331301,16.83333333
5/20/2012,131.6219512,15.70833333
5/21/2012,140.3699187,15.70833333
5/22/2012,87.91666667,14.54166667
5/23/2012,32.95833333,1.333333333
5/24/2012,34.04166667,1.75
5/25/2012,53.83333333,5.916666667
5/26/2012,80.54166667,9.208333333
5/27/2012,114.2083333,12.79166667
5/28/2012,128.8125,13.125
5/29/2012,70.625,13.20833333
5/30/2012,13.5,6.25
5/31/2012,65.70833333,9.75
6/1/2012,76.58333333,14.04166667
6/2/2012,126.4166667,14.66666667
6/3/2012,167.1666667,18.54166667
6/4/2012,114.1666667,15.83333333
6/5/2012,59.5,12.375
6/6/2012,148.9583333,15.45833333
6/7/2012,64.54166667,15.125
6/8/2012,73.5,15.29166667
6/9/2012,111.875,18.58333333
6/10/2012,13.125,6.458333333
6/11/2012,28.41666667,6.291666667
6/12/2012,22.33333333,9.166666667
6/13/2012,69.875,13.54166667
6/14/2012,10.04166667,13.125
6/15/2012,11.20833333,11.75
6/16/2012,24.29166667,12.58333333
6/17/2012,75.91666667,13.875
6/18/2012,174.375,16.375
6/19/2012,181.8333333,18.66666667
6/20/2012,180.9166667,18.79166667
6/21/2012,181.9583333,19.125
6/22/2012,103.1875,19.91666667
6/23/2012,165.625,20.75
6/24/2012,166.8541667,21.5
6/25/2012,90.75,20.79166667
6/26/2012,109.8333333,20.75
6/27/2012,68.875,18.83333333
6/28/2012,113.125,20
6/29/2012,85.5,20.70833333
6/30/2012,70.45833333,19.625
7/1/2012,131.625,23.29166667
7/2/2012,41.47916667,14.91666667
7/3/2012,32.91666667,16.875
7/4/2012,88.33333333,18.29166667
7/5/2012,97.08333333,20.83333333
7/6/2012,119.125,21.75
7/7/2012,162.1666667,23.5
7/8/2012,145.125,23.45833333
7/9/2012,96.875,23.66666667
7/10/2012,47.125,23.45833333
7/11/2012,64.04166667,22.08333333
7/12/2012,22.83333333,20.75
7/13/2012,24.91666667,19.91666667
7/14/2012,31.625,18.08333333
7/15/2012,40.875,17.54166667
7/16/2012,76.45833333,18.45833333
7/17/2012,81.89583333,20.70833333
7/18/2012,87.70833333,21.45833333
7/19/2012,121.9583333,22.91666667
7/20/2012,198.5416667,24.25
7/21/2012,171.625,24.375
7/22/2012,16,20.125
7/23/2012,31.95833333,20.20833333
7/24/2012,66.41666667,21.79166667
7/25/2012,84.29166667,24.04166667
7/26/2012,57.16666667,24.20833333
7/27/2012,82.8125,24.625
7/28/2012,106.3800926,25.375
7/29/2012,85.43333333,21.66666667
7/30/2012,52.29074074,21.5
7/31/2012,26.27083333,20.20833333
8/1/2012,12.58333333,20.08333333
8/2/2012,18.95833333,20.625
8/3/2012,56.66666667,23.25
8/4/2012,25.29166667,22.125
8/5/2012,47,23.04166667
8/6/2012,64.33333333,23.83333333
8/7/2012,67.08333333,24.29166667
8/8/2012,77.33333333,24.75
8/9/2012,38.08333333,21.375
8/10/2012,77.04166667,21.79166667
8/11/2012,94.57655039,21.33333333
8/12/2012,42.51162791,20.875
8/13/2012,22.95348837,17.79166667
8/14/2012,55.02083333,16.79166667
8/15/2012,52.375,17.95833333
8/16/2012,74.08333333,19.66666667
8/17/2012,124.0416667,21.25
8/18/2012,176.1294444,22.70833333
8/19/2012,126.42,19.33333333
8/20/2012,66.58,21.58333333
8/21/2012,17.99555556,11.20833333
8/22/2012,19.83333333,8.791666667
8/23/2012,77.20833333,14.83333333
8/24/2012,85.625,14.91666667
8/25/2012,124.9166667,16.5
8/26/2012,155.7083333,18.58333333
8/27/2012,67,21.75
8/28/2012,84,21.25
8/29/2012,103.7916667,20.875
8/30/2012,239.0833333,22.54166667
8/31/2012,185.4583333,23.08333333
9/1/2012,160.7083333,22.875
9/2/2012,33.95833333,18.33333333
9/3/2012,9.458333333,9.166666667
9/4/2012,13.25,8.208333333
9/5/2012,32.29166667,11.625
9/6/2012,90.375,14.66666667
9/7/2012,85.66666667,17.70833333
9/8/2012,49.29166667,17.375
9/9/2012,110.4583333,18.45833333
9/10/2012,131.2083333,19.08333333
9/11/2012,107.2083333,18.45833333
9/12/2012,20.45833333,9.458333333
9/13/2012,14.625,8.625
9/14/2012,17,8.333333333
9/15/2012,33.08333333,9.583333333
9/16/2012,55.625,10.75
9/17/2012,42.41666667,9.75
9/18/2012,32.79166667,8.083333333
9/19/2012,51.79166667,10.04166667
9/20/2012,112.4166667,14.75
9/21/2012,152.625,15
9/22/2012,106.4166667,15.83333333
9/23/2012,108.25,15.04166667
9/24/2012,63.625,15.08333333
9/25/2012,63,15.91666667
9/26/2012,25.95833333,12
9/27/2012,44.8125,11
9/28/2012,3.166666667,-4.041666667
9/29/2012,14.20833333,2.083333333
9/30/2012,14.625,5.125
10/1/2012,51.25,8.125
10/2/2012,148.5,11.70833333
10/3/2012,73.1875,7.166666667
10/4/2012,12.79166667,4.333333333
10/5/2012,43.75,8
10/6/2012,95.875,7.416666667
10/7/2012,126.125,11.08333333
10/8/2012,252.5416667,12.625
10/9/2012,124.5416667,6.5
10/10/2012,16.625,-0.875
10/11/2012,127.375,4.833333333
10/12/2012,167.625,6
10/13/2012,43.33333333,6.041666667
10/14/2012,40.83333333,7
10/15/2012,103.0833333,7
10/16/2012,42.14583333,3.291666667
10/17/2012,22.70833333,-5.333333333
10/18/2012,60.08333333,0.791666667
10/19/2012,169.3333333,5.125
10/20/2012,213.4791667,6.083333333
10/21/2012,48.41666667,7
10/22/2012,26.29166667,2.125
10/23/2012,72.625,3.458333333
10/24/2012,108.7916667,3.333333333
10/25/2012,191.3333333,7.625
10/26/2012,279.875,11.79166667
10/27/2012,158.4166667,3.375
10/28/2012,24.625,-1.75
10/29/2012,39.70833333,0.916666667
10/30/2012,30.8125,-8.166666667
10/31/2012,27.75,-7.208333333
11/1/2012,94.95833333,-1.625
11/2/2012,161.2916667,4.208333333
11/3/2012,148.75,6.5
11/4/2012,19.375,1.041666667
11/5/2012,26.95833333,-3.291666667
11/6/2012,80.95833333,-1.208333333
11/7/2012,67.45833333,-3.791666667
11/8/2012,53.16666667,-2.5
11/9/2012,105.1666667,2.541666667
11/10/2012,77,2.791666667
11/11/2012,11.79166667,-11.25
11/12/2012,21.04166667,-12.625
11/13/2012,13.04166667,-16.91666667
11/14/2012,35.875,-12.5
11/15/2012,143.125,-5.041666667
11/16/2012,121.0416667,-1.625
11/17/2012,63.625,-4.333333333
11/18/2012,130,-4.375
11/19/2012,30.25992063,-9.708333333
11/20/2012,81.24007937,-4.708333333
11/21/2012,259.6666667,-2.5
11/22/2012,160.5833333,-6.25
11/23/2012,42.125,-14.04166667
11/24/2012,150.5,-7.25
11/25/2012,160.6666667,-9.75
11/26/2012,27.375,-15.66666667
11/27/2012,185.25,-8.333333333
11/28/2012,23.08333333,-16.45833333
11/29/2012,69.04166667,-12.375
11/30/2012,36.25,-19.41666667
12/1/2012,81.375,-12.25
12/2/2012,235.0833333,-5.958333333
12/3/2012,69.04166667,-14.29166667
12/4/2012,91.91666667,-12.79166667
12/5/2012,14.20833333,-19.83333333
12/6/2012,70,-16.33333333
12/7/2012,59.83333333,-18.625
12/8/2012,13.16666667,-26.20833333
12/9/2012,21.6875,-22.54166667
12/10/2012,71.33333333,-13.75
12/11/2012,137.0416667,-10.875
12/12/2012,196.375,-4.875
12/13/2012,222.7083333,-4.333333333
12/14/2012,208.2916667,-1.125
12/15/2012,261.5833333,-0.208333333
12/16/2012,139.875,-2.916666667
12/17/2012,32.54166667,-13
12/18/2012,37.79166667,-16.66666667
12/19/2012,191.875,-10.54166667
12/20/2012,240.0208333,-8.041666667
12/21/2012,130.1666667,-10.54166667
12/22/2012,24.375,-18.91666667
12/23/2012,22.7014974,-23.875
12/24/2012,57.98828125,-19.58333333
12/25/2012,94.17578125,-23.875
12/26/2012,130.3632813,-17.125
12/27/2012,166.5507813,-14.91666667
12/28/2012,214.4078776,-10.79166667
12/29/2012,44.20833333,-17.16666667
12/30/2012,18.33333333,-19.375
12/31/2012,86.83333333,-15.91666667
1/1/2013,16.5,-20.54166667
1/2/2013,18.45833333,-27.45833333
1/3/2013,24.5,-24.58333333
1/4/2013,78.79166667,-21.08333333
1/5/2013,66.41666667,-21.08333333
1/6/2013,131.0833333,-17.58333333
1/7/2013,144.1666667,-15.79166667
1/8/2013,131.75,-17.58333333
1/9/2013,50.16666667,-19.45833333
1/10/2013,242.9166667,-13.08333333
1/11/2013,363.75,-7.791666667
1/12/2013,541.8958333,-10.08333333
1/13/2013,432.5,-6.5
1/14/2013,306.0833333,-7.5
1/15/2013,114.3333333,-7.458333333
1/16/2013,118.9791667,-13.83333333
1/17/2013,65.16666667,-15.625
1/18/2013,271.5416667,-12.25
1/19/2013,202.9166667,-10.25
1/20/2013,104.2083333,-5.833333333
1/21/2013,150.2083333,-5.833333333
1/22/2013,184.3333333,-7.75
1/23/2013,386.3333333,-6.458333333
1/24/2013,28.91666667,-16.20833333
1/25/2013,69.45833333,-15.91666667
1/26/2013,157.4583333,-10.95833333
1/27/2013,308.3333333,-6.791666667
1/28/2013,399.375,-5.041666667
1/29/2013,440.1666667,-5.25
1/30/2013,278.125,-4.541666667
1/31/2013,181.3333333,-2.208333333
2/1/2013,39.125,-11.16666667
2/2/2013,44.91666667,-14.375
2/3/2013,184.6666667,-4.416666667
2/4/2013,42.58333333,-11.75
2/5/2013,90.83333333,-5.583333333
2/6/2013,99.875,-15.41666667
2/7/2013,12.41666667,-24.83333333
2/8/2013,56.45833333,-19.75
2/9/2013,190.125,-13.79166667
2/10/2013,60.5,-18.91666667
2/11/2013,64.79166667,-13.83333333
2/12/2013,113.7083333,-11.625
2/13/2013,306.9166667,-6.458333333
2/14/2013,82.20833333,-16.95833333
2/15/2013,39.79166667,-15.25
2/16/2013,136.8333333,-8.041666667
2/17/2013,134.5416667,-11.58333333
2/18/2013,22.79166667,-16.79166667
2/19/2013,30.125,-19.875
2/20/2013,83.29166667,-14.16666667
2/21/2013,201.875,-6.208333333
2/22/2013,95.29166667,-16.66666667
2/23/2013,135.1666667,-13.75
2/24/2013,340.625,-7.458333333
2/25/2013,163,-3.708333333
2/26/2013,205.5833333,-4.833333333
2/27/2013,247.7083333,-8.708333333
2/28/2013,236.0416667,-9.625
3/1/2013,10.45833333,-23.20833333
3/2/2013,42.70833333,-16.91666667
3/3/2013,104.6666667,-13.29166667
3/4/2013,24.20833333,-15.08333333
3/5/2013,174.1666667,-8.458333333
3/6/2013,229.8333333,-5.208333333
3/7/2013,309.7916667,-2.541666667
3/8/2013,237.2916667,-2.083333333
3/9/2013,67.58333333,-12.45833333
3/10/2013,39.25,-15.70833333
3/11/2013,125.2083333,-7.25
3/12/2013,149.1666667,1.208333333
3/13/2013,21.875,-12.41666667
3/14/2013,108.375,-4.333333333
3/15/2013,248.25,-1.375
3/16/2013,276.1458333,-0.125
3/17/2013,339.0416667,2.083333333
3/18/2013,72.20833333,-11.54166667
3/19/2013,54.29166667,-1.291666667
3/20/2013,63.125,-4.083333333
3/21/2013,153.8333333,-2.541666667
3/22/2013,70.95833333,-6.958333333
3/23/2013,57.04166667,-6.875
3/24/2013,20.75,-15.25
3/25/2013,112.9791667,-7.166666667
3/26/2013,195.2916667,-2.25
3/27/2013,97.375,-4.708333333
3/28/2013,33.16666667,-14.875
3/29/2013,98,-6.208333333
3/30/2013,92.625,-4.125
3/31/2013,194.75,2.125
4/1/2013,105.5833333,-3.625
4/2/2013,112.8333333,-4.708333333
4/3/2013,127.625,-1.583333333
4/4/2013,79.79166667,-1.083333333
4/5/2013,66.25,-0.875
4/6/2013,13.95833333,-9.416666667
4/7/2013,79.20833333,-2.333333333
4/8/2013,21.04166667,-13.54166667
4/9/2013,11.5,-11.95833333
4/10/2013,12,-12.125
4/11/2013,18.25,-13.5
4/12/2013,50.58333333,-6.166666667
4/13/2013,61.375,-1.458333333
4/14/2013,28.70833333,-10.41666667
4/15/2013,70.14583333,-0.583333333
4/16/2013,60.1875,-1
4/17/2013,47.875,-2.666666667
4/18/2013,11.70833333,-15.33333333
4/19/2013,53.54166667,-2.125
4/20/2013,76.95833333,-0.625
4/21/2013,130.9166667,2.291666667
4/22/2013,169.5833333,5.708333333
4/23/2013,203.2916667,7.333333333
4/24/2013,87.95833333,0.291666667
4/25/2013,13.54166667,-9.166666667
4/26/2013,74.5,-1.5
4/27/2013,70.29166667,1.208333333
4/28/2013,75.54166667,3.041666667
4/29/2013,27.125,-9.25
4/30/2013,23.20833333,-9.791666667
5/1/2013,44.33333333,-0.791666667
5/2/2013,83.41666667,3.625
5/3/2013,63,6.916666667
5/4/2013,85.875,5.708333333
5/5/2013,178.7916667,11.04166667
5/6/2013,219.4166667,12.83333333
5/7/2013,177.5,13.16666667
5/8/2013,130.7083333,11.04166667
5/9/2013,48.41666667,11.625
5/10/2013,49.83333333,2.666666667
5/11/2013,54.125,-1.208333333
5/12/2013,48.5,-4.833333333
5/13/2013,94.95833333,6.166666667
5/14/2013,71.04166667,1.25
5/15/2013,68.625,6.416666667
5/16/2013,67.66666667,9.25
5/17/2013,107.5147059,12.25
5/18/2013,104.5269608,13.66666667
5/19/2013,54.91666667,2.25
5/20/2013,46.58333333,-2.75
5/21/2013,102,9.25
5/22/2013,63.83333333,7.291666667
5/23/2013,81.83333333,10.16666667
5/24/2013,120.9166667,14.16666667
5/25/2013,61.70833333,12.79166667
5/26/2013,105.0833333,16.875
5/27/2013,74.66666667,15.54166667
5/28/2013,83.41666667,15.79166667
5/29/2013,21.54166667,-1.041666667
5/30/2013,58.875,5.458333333
5/31/2013,89.41666667,13.125
6/1/2013,75.20833333,7.458333333
6/2/2013,151.6666667,15.58333333
6/3/2013,131.25,12.125
6/4/2013,133.625,15.95833333
6/5/2013,142.8333333,17.41666667
6/6/2013,154.9583333,18.08333333
6/7/2013,137.4583333,18.83333333
6/8/2013,173.4166667,18.79166667
6/9/2013,62.54166667,16.91666667
6/10/2013,31.91666667,14.66666667
6/11/2013,62.70833333,15
6/12/2013,65,14
6/13/2013,107.9583333,15.20833333
6/14/2013,107.2083333,12.95833333
6/15/2013,123.8333333,15.08333333
6/16/2013,173.8333333,18.54166667
6/17/2013,40.58333333,16.20833333
6/18/2013,52.16666667,15.95833333
6/19/2013,52.41666667,14.29166667
6/20/2013,85.91666667,16.79166667
6/21/2013,80.08333333,16.79166667
6/22/2013,59.16666667,18.29166667
6/23/2013,67.54166667,16.875
6/24/2013,110.4583333,19.75
6/25/2013,122.25,20.33333333
6/26/2013,153.3333333,20.95833333
6/27/2013,96.58333333,18.25
6/28/2013,301.0833333,21.79166667
6/29/2013,97.70833333,20.91666667
6/30/2013,181.7083333,22.41666667
7/1/2013,148.0416667,22.375
7/2/2013,18.16666667,17.33333333
7/3/2013,30.95833333,18.375
7/4/2013,28.83333333,18.20833333
7/5/2013,22.83333333,16.83333333
7/6/2013,61.125,19.29166667
7/7/2013,84.83333333,22.33333333
7/8/2013,94.04166667,22.75
7/9/2013,87.91666667,22.79166667
7/10/2013,37.125,21.20833333
7/11/2013,40,20.20833333
7/12/2013,70.29166667,21.66666667
7/13/2013,108.7916667,22.25
7/14/2013,88.16666667,21.33333333
7/15/2013,63.41666667,23.04166667
7/16/2013,27.375,17.25
7/17/2013,48.375,18.41666667
7/18/2013,134.0833333,22.08333333
7/19/2013,122.5,21.25
7/20/2013,99.04166667,18.58333333
7/21/2013,72.875,20.875
7/22/2013,96.45833333,19.91666667
7/23/2013,43.83333333,17.79166667
7/24/2013,40.83333333,16.5
7/25/2013,33.08333333,16.75
7/26/2013,54.04166667,19.25
7/27/2013,107.4166667,22.25
7/28/2013,64,18.95833333
7/29/2013,66.33333333,22.08333333
7/30/2013,101.0833333,21.66666667
7/31/2013,45.79166667,20
8/1/2013,44.91666667,19.79166667
8/2/2013,70.95833333,19.83333333
8/3/2013,32.91666667,17.25
8/4/2013,84.20833333,20.95833333
8/5/2013,44.41666667,19.33333333
8/6/2013,121.4583333,23.75
8/7/2013,36.79166667,20.5
8/8/2013,31.91666667,19.04166667
8/9/2013,36.04166667,18.29166667
8/10/2013,88.33333333,22.25
8/11/2013,123,23.58333333
8/12/2013,53.20833333,21.79166667
8/13/2013,79.41666667,22.20833333
8/14/2013,62.125,22.25
8/15/2013,100.9166667,24.20833333
8/16/2013,107.6666667,24.79166667
8/17/2013,44.66666667,14.83333333
8/18/2013,15.83333333,14.375
8/19/2013,25.5625,14.45833333
8/20/2013,92.08333333,20.375
8/21/2013,101.3958333,19.83333333
8/22/2013,122.3125,19.70833333
8/23/2013,61.08333333,16.25
8/24/2013,38.29166667,14.45833333
8/25/2013,44.58333333,15.41666667
8/26/2013,53.875,16.20833333
8/27/2013,54.75,18.5
8/28/2013,72.41666667,19.625
8/29/2013,36.58333333,10.95833333
8/30/2013,14.75,8.458333333
8/31/2013,23.75,9.125
9/1/2013,48.45833333,12.625
9/2/2013,59.875,13.75
9/3/2013,99.58333333,16
9/4/2013,83.125,16.75
9/5/2013,24.625,13.95833333
9/6/2013,77.375,14.45833333
9/7/2013,82.08333333,12.91666667
9/8/2013,111.6666667,15.625
9/9/2013,85.375,15.83333333
9/10/2013,66.45833333,10.79166667
9/11/2013,72.58333333,12.79166667
9/12/2013,153.2916667,15.625
9/13/2013,100.5416667,16.91666667
9/14/2013,72.83333333,12.04166667
9/15/2013,24.83333333,5.5
9/16/2013,57.125,12.79166667
9/17/2013,103.4583333,16.58333333
9/18/2013,115.75,17.79166667
9/19/2013,122.0833333,17.5
9/20/2013,67.79166667,13.25
9/21/2013,53.58333333,13.29166667
9/22/2013,90.5,15.58333333
9/23/2013,44.29166667,9.166666667
9/24/2013,15.375,2.416666667
9/25/2013,16.70833333,-1.791666667
9/26/2013,54.14583333,5.5
9/27/2013,192.7083333,9.208333333
9/28/2013,243.5833333,9.958333333
9/29/2013,229.9166667,12.83333333
9/30/2013,149.2916667,14.375
10/1/2013,77.25,13.41666667
10/2/2013,19.16666667,3.583333333
10/3/2013,61.16666667,7.75
10/4/2013,153.4583333,11.125
10/5/2013,307.6666667,11.91666667
10/6/2013,219.75,12.875
10/7/2013,96.5,7.833333333
10/8/2013,62.79166667,8.333333333
10/9/2013,141.875,10.08333333
10/10/2013,89.33333333,4.041666667
10/11/2013,56.04166667,2.791666667
10/12/2013,70.625,5.958333333
10/13/2013,57.75,8.291666667
10/14/2013,40.33333333,0.208333333
10/15/2013,21.58333333,-6.875
10/16/2013,59.58333333,-3
10/17/2013,160.75,2.25
10/18/2013,245.7083333,4.375
10/19/2013,78.125,-1.333333333
10/20/2013,28.5,-2.75
10/21/2013,96.83333333,1.541666667
10/22/2013,150.7083333,4.333333333
10/23/2013,28.33333333,-7.333333333
10/24/2013,22.66666667,-7.583333333
10/25/2013,46.66666667,-3.708333333
10/26/2013,66.58333333,-2.875
10/27/2013,220.5416667,1.75
10/28/2013,316,3.5
10/29/2013,42.5,-2.375
10/30/2013,94.58333333,-0.916666667
10/31/2013,162.8333333,0.625
11/1/2013,220.25,2.625
11/2/2013,281.0416667,4.041666667
11/3/2013,61,-3.75
11/4/2013,47.04166667,-3.583333333
11/5/2013,197.7083333,0.375
11/6/2013,125.5833333,-7.541666667
11/7/2013,38.08333333,-10.25
11/8/2013,162.125,-2.916666667
11/9/2013,103.9583333,-5.5
11/10/2013,19.08333333,-25.875
11/11/2013,37.91666667,-12.29166667
11/12/2013,63.625,-7.375
11/13/2013,190.9583333,-1.75
11/14/2013,73.16666667,-9.708333333
11/15/2013,113,-8.375
11/16/2013,55.625,-11.79166667
11/17/2013,13.70833333,-15.5
11/18/2013,11.5,-18.08333333
11/19/2013,38.47916667,-16.58333333
11/20/2013,75.20833333,-11.25
11/21/2013,128.5833333,-8.75
11/22/2013,167.875,-8.083333333
11/23/2013,233.4791667,-6.916666667
11/24/2013,102.875,-10
11/25/2013,21.91666667,-16.875
11/26/2013,28.70833333,-19.625
11/27/2013,7.458333333,-27.20833333
11/28/2013,25.5,-26
11/29/2013,57.41666667,-15.66666667
11/30/2013,37.58333333,-15.375
12/1/2013,79.16666667,-14
12/2/2013,133.5833333,-12.29166667
12/3/2013,92.5,-12.875
12/4/2013,116.25,-10.29166667
12/5/2013,49.25,-13.70833333
12/6/2013,154.6666667,-9.708333333
12/7/2013,343.9166667,-5.375
12/8/2013,232.25,-7.25
12/9/2013,17.33333333,-16.66666667
12/10/2013,29.5,-16.625
12/11/2013,28.66666667,-19.45833333
12/12/2013,23.16666667,-23.625
12/13/2013,68.625,-21.66666667
12/14/2013,63.70833333,-22.33333333
12/15/2013,50.25,-20.75
12/16/2013,181.75,-14.75
12/17/2013,89.91666667,-17
12/18/2013,50.125,-20.125
12/19/2013,41.58333333,-19.29166667
12/20/2013,41.33333333,-18.45833333
12/21/2013,81.70833333,-18.20833333
12/22/2013,177.9583333,-14.66666667
12/23/2013,149.8333333,-15.625
12/24/2013,315.9166667,-11.66666667
12/25/2013,180.7083333,-14.875
12/26/2013,14.625,-23.41666667
12/27/2013,31.91666667,-21.54166667
12/28/2013,21.125,-22.95833333
12/29/2013,50.52083333,-22.875
12/30/2013,39.83333333,-22.45833333
12/31/2013,51.83333333,-18.66666667
1/1/2014,53.41666667,-17.16666667
1/2/2014,162.625,-9.208333333
1/3/2014,61.91666667,-13.375
1/4/2014,150.4166667,-7.25
1/5/2014,104.0833333,-11.08333333
1/6/2014,150.875,-5.291666667
1/7/2014,121.3333333,-12.25
1/8/2014,19.25,-23
1/9/2014,32.41666667,-25.79166667
1/10/2014,79.83333333,-23.25
1/11/2014,156.7083333,-20.79166667
1/12/2014,24.375,-23.875
1/13/2014,119.8333333,-19.5
1/14/2014,124.75,-18.29166667
1/15/2014,191.7916667,-17.08333333
1/16/2014,457.5,-8.458333333
1/17/2014,167.5416667,-13.66666667
1/18/2014,71.25,-17.45833333
1/19/2014,131.1666667,-10.54166667
1/20/2014,10.45833333,-22.08333333
1/21/2014,42.375,-21.75
1/22/2014,154.0416667,-18.41666667
1/23/2014,289.375,-14.04166667
1/24/2014,162.6666667,-16.95833333
1/25/2014,34.20833333,-19.125
1/26/2014,55.66666667,-10.58333333
1/27/2014,100.7916667,-14.29166667
1/28/2014,43.91666667,-16.125
1/29/2014,142.875,-8.833333333
1/30/2014,75.16666667,-17.66666667
1/31/2014,164.2916667,-6.625
2/1/2014,156.8333333,-3.625
2/2/2014,74.375,-15.95833333
2/3/2014,7.416666667,-33.33333333
2/4/2014,25.75,-31.70833333
2/5/2014,102.375,-18.16666667
2/6/2014,145.25,-13.04166667
2/7/2014,102.25,-7.25
2/8/2014,60.04166667,-11.91666667
2/9/2014,13.375,-21.375
2/10/2014,23.91666667,-19.79166667
2/11/2014,124.8333333,-15.54166667
2/12/2014,143.5833333,-16.45833333
2/13/2014,211.1666667,-10.58333333
2/14/2014,286.5,-9
2/15/2014,372,-7.958333333
2/16/2014,273.875,-9.625
2/17/2014,80.79166667,-13.45833333
2/18/2014,67.45833333,-11.875
2/19/2014,78.41666667,-13.08333333
2/20/2014,258.0625,-6.041666667
2/21/2014,331.0833333,-6.291666667
2/22/2014,339.5833333,-4.708333333
2/23/2014,292.3958333,-5.583333333
2/24/2014,351.625,-4.958333333
2/25/2014,442.6666667,-4.291666667
2/26/2014,407.6666667,-1.166666667
2/27/2014,19.91666667,-16.41666667
2/28/2014,97.41666667,-7.5
3/1/2014,84.91666667,-15.375
3/2/2014,154.5833333,-8.166666667
3/3/2014,245.2083333,-5.916666667
3/4/2014,59.79166667,-19.25
3/5/2014,24.95833333,-21.41666667
3/6/2014,18.08333333,-26.625
3/7/2014,59.66666667,-18.66666667
3/8/2014,174.7916667,-7.541666667
3/9/2014,123.0416667,-9.791666667
3/10/2014,101.4583333,-7.333333333
3/11/2014,204.7083333,-6.416666667
3/12/2014,18.08333333,-19.125
3/13/2014,22.75,-21.125
3/14/2014,22.875,-21.29166667
3/15/2014,109.0416667,-10.5
3/16/2014,124.625,-9.041666667
3/17/2014,91.08333333,-7.666666667
3/18/2014,39.95833333,-9.708333333
3/19/2014,59.66666667,-7.833333333
3/20/2014,10.33333333,-16
3/21/2014,25.64583333,-15
3/22/2014,65,-13.875
3/23/2014,152.4583333,-4.875
3/24/2014,243.9166667,0.208333333
3/25/2014,228.375,1.208333333
3/26/2014,306.4166667,6.083333333
3/27/2014,270.75,4.541666667
3/28/2014,148.25,6.083333333
3/29/2014,45.5,0.958333333
3/30/2014,34.16666667,-4.875
3/31/2014,151.3333333,2.916666667
4/1/2014,132.9583333,2.041666667
4/2/2014,106.75,1.083333333
4/3/2014,24.375,-17.41666667
4/4/2014,32.54166667,-10.125
4/5/2014,25.54166667,-11.04166667
4/6/2014,57.91666667,-8.458333333
4/7/2014,95.29166667,-1.25
4/8/2014,169.2916667,2.625
4/9/2014,145.375,0.208333333
4/10/2014,89.85416667,-2.333333333
4/11/2014,60.29166667,-3.333333333
4/12/2014,117.875,-2.375
4/13/2014,157.6666667,3.333333333
4/14/2014,245.2916667,8.208333333
4/15/2014,67.375,2.958333333
4/16/2014,65.08333333,-3.375
4/17/2014,117.7083333,6.458333333
4/18/2014,145.5833333,9.583333333
4/19/2014,63.5,3.5
4/20/2014,69.04166667,2.541666667
4/21/2014,50.91666667,0.291666667
4/22/2014,77.41666667,2.625
4/23/2014,120.8333333,10.95833333
4/24/2014,111.2916667,11.45833333
4/25/2014,125.7083333,9
4/26/2014,39.16666667,7.041666667
4/27/2014,66.83333333,5.458333333
4/28/2014,67.75,4.958333333
4/29/2014,104.7916667,5.625
4/30/2014,112.25,9.583333333
5/1/2014,123.5416667,10.66666667
5/2/2014,38,-2.166666667
5/3/2014,80.66666667,-0.083333333
5/4/2014,46.79166667,-9.625
5/5/2014,46.95833333,-5.875
5/6/2014,98.79166667,3.666666667
5/7/2014,91.08333333,1.583333333
5/8/2014,87.75,7.375
5/9/2014,68.83333333,5.541666667
5/10/2014,54.91666667,5.75
5/11/2014,30.75,9.625
5/12/2014,47.25,8.958333333
5/13/2014,59.08333333,5.708333333
5/14/2014,22.95833333,-1.375
5/15/2014,78.66666667,3.75
5/16/2014,80.29166667,4.291666667
5/17/2014,69.375,6.041666667
5/18/2014,100.1666667,9.625
5/19/2014,109.7916667,15.5
5/20/2014,83,10.79166667
5/21/2014,100.3333333,13.625
5/22/2014,139.5,13.70833333
5/23/2014,79.625,13.08333333
5/24/2014,90,17.45833333
5/25/2014,74.75,7.958333333
5/26/2014,19.95833333,3.875
5/27/2014,30.5,4.791666667
5/28/2014,30.08333333,7.166666667
5/29/2014,45.375,10.45833333
5/30/2014,91.25,13
5/31/2014,115.2916667,15.25
6/1/2014,51.875,16.58333333
6/2/2014,33.33333333,12.625
6/3/2014,41.875,12.83333333
6/4/2014,62.95833333,14.58333333
6/5/2014,67.27083333,15.20833333
6/6/2014,56.60416667,16.58333333
6/7/2014,12.85416667,11
6/8/2014,36.9375,13.75
6/9/2014,32.45833333,12.625
6/10/2014,75.91666667,15.70833333
6/11/2014,46.83333333,13.83333333
6/12/2014,30.33333333,14.125
6/13/2014,60.83333333,17.20833333
6/14/2014,43.70833333,17.5
6/15/2014,115.1666667,18.33333333
6/16/2014,137,19.83333333
6/17/2014,80.08333333,18.375
6/18/2014,66.47916667,17.25
6/19/2014,126.5416667,18.66666667
6/20/2014,46.04166667,17.54166667
6/21/2014,56.95833333,16.95833333
6/22/2014,32.95833333,16.95833333
6/23/2014,22.75,15.08333333
6/24/2014,53.70833333,16.91666667
6/25/2014,92.70833333,18.70833333
6/26/2014,120.875,20.41666667
6/27/2014,18.625,13.125
6/28/2014,20.16666667,13.16666667
6/29/2014,48.08333333,15.95833333
6/30/2014,70.08333333,16.79166667
7/1/2014,102.9166667,18.91666667
7/2/2014,66.04166667,20.66666667
7/3/2014,209.7916667,21.95833333
7/4/2014,204.5,22.58333333
7/5/2014,120.7083333,21.83333333
7/6/2014,193.0833333,22.95833333
7/7/2014,147.5,22.08333333
7/8/2014,87.25,18.75
7/9/2014,25.5,15.45833333
7/10/2014,30.79166667,15.04166667
7/11/2014,30.91666667,15.41666667
7/12/2014,13.79166667,12
7/13/2014,21.58333333,14.25
7/14/2014,30.75,15.83333333
7/15/2014,49.45833333,17.20833333
7/16/2014,111.5,21
7/17/2014,140.2916667,21.25
7/18/2014,121.2916667,22.5
7/19/2014,63.16666667,23.25
7/20/2014,59.91666667,23.16666667
7/21/2014,26.95833333,19.58333333
7/22/2014,14.375,16.25
7/23/2014,23.5,16.33333333
7/24/2014,66.20833333,20
7/25/2014,75.83333333,17.33333333
7/26/2014,93.5,17.83333333
7/27/2014,96.20833333,17.58333333
7/28/2014,102.4166667,19.625
7/29/2014,107.75,20.54166667
7/30/2014,132.7916667,21.75
7/31/2014,179.875,22.33333333
8/1/2014,132.6666667,22.58333333
8/2/2014,94.125,23.875
8/3/2014,105.5833333,23.91666667
8/4/2014,34.83333333,20.33333333
8/5/2014,21.70833333,18.08333333
8/6/2014,32.875,16.66666667
8/7/2014,64.79166667,16.75
8/8/2014,58.04166667,16.79166667
8/9/2014,80.20833333,17.875
8/10/2014,33.5,18.04166667
8/11/2014,23.91666667,14.66666667
8/12/2014,27.20833333,13.54166667
8/13/2014,26.75,17.95833333
8/14/2014,28.29166667,16.75
8/15/2014,42.45833333,17.08333333
8/16/2014,60.5,18.16666667
8/17/2014,51.375,17.83333333
8/18/2014,58.33333333,17.875
8/19/2014,77.25,18.25
8/20/2014,89.46666667,18.75
8/21/2014,120.6583333,19.83333333
8/22/2014,54.33333333,19.08333333
8/23/2014,121.4583333,20.5
8/24/2014,19.83333333,16.20833333
8/25/2014,15.75,12.5
8/26/2014,22.04166667,10.16666667
8/27/2014,55.20833333,13.83333333
8/28/2014,84.16666667,17.375
8/29/2014,85,18.66666667
8/30/2014,149.5,20.5
8/31/2014,89.33333333,20.20833333
9/1/2014,115.1666667,20.33333333
9/2/2014,26.625,18.75
9/3/2014,12.625,13.91666667
9/4/2014,41.875,15.45833333
9/5/2014,92.41666667,18.125
9/6/2014,134,19.83333333
9/7/2014,143.8333333,19.58333333
9/8/2014,12,9.125
9/9/2014,39.33333333,13.125
9/10/2014,67.45833333,15.08333333
9/11/2014,93.45833333,16.83333333
9/12/2014,70.95833333,17.5
9/13/2014,63.58333333,15.66666667
9/14/2014,45.91666667,11.33333333
9/15/2014,18.58333333,5.5
9/16/2014,45.5625,10.41666667
9/17/2014,36.66666667,11.45833333
9/18/2014,68.75,10.16666667
9/19/2014,94.875,13.79166667
9/20/2014,135.1666667,16.45833333
9/21/2014,96.125,15.08333333
9/22/2014,106.875,17.04166667
9/23/2014,65.0625,17.08333333
9/24/2014,30.95833333,15.58333333
9/25/2014,123.375,16.375
9/26/2014,137.8333333,16.41666667
9/27/2014,37.33333333,11.16666667
9/28/2014,66.95833333,13.95833333
9/29/2014,54.375,8.666666667
9/30/2014,26.125,2.291666667
10/1/2014,82.54166667,8.625
10/2/2014,65.79166667,11.33333333
10/3/2014,127.9583333,12.54166667
10/4/2014,86.66666667,13.41666667
10/5/2014,35.5,7.041666667
10/6/2014,33.83333333,4.166666667
10/7/2014,143.8333333,8.666666667
10/8/2014,305.2083333,12.04166667
10/9/2014,376.2916667,13.45833333
10/10/2014,325.375,14
10/11/2014,197.5833333,12.54166667
10/12/2014,6.833333333,0.625
10/13/2014,14.41666667,-3.458333333
10/14/2014,48.5,1.041666667
10/15/2014,53.25,-1.458333333
10/16/2014,40.75,-1.333333333
10/17/2014,112.3333333,4.541666667
10/18/2014,203.4583333,8.291666667
10/19/2014,284.1666667,12.04166667
10/20/2014,215.0833333,12.41666667
10/21/2014,45.25,0.625
10/22/2014,92.125,4.833333333
10/23/2014,143.0416667,7.875
10/24/2014,261.4166667,9.833333333
10/25/2014,366.375,11.41666667
10/26/2014,87.54166667,-4.833333333
10/27/2014,31.33333333,-7.708333333
10/28/2014,67.54166667,2.125
10/29/2014,130.5,5.333333333
10/30/2014,190.2916667,7.208333333
10/31/2014,186.8333333,9.5
11/1/2014,50.29166667,-0.625
11/2/2014,7.666666667,-10
11/3/2014,25.375,-4.125
11/4/2014,124.2916667,0.5
11/5/2014,79.875,-3.708333333
11/6/2014,13.66666667,-8.708333333
11/7/2014,52.875,-4.083333333
11/8/2014,78.33333333,-1.958333333
11/9/2014,65,-3.875
11/10/2014,79.66666667,-3.708333333
11/11/2014,49.33333333,-5.875
11/12/2014,6.416666667,-17.75
11/13/2014,26,-12.16666667
11/14/2014,42.20833333,-10.20833333
11/15/2014,168.1666667,-5.375
11/16/2014,122.375,-4.875
11/17/2014,23.83333333,-8.916666667
11/18/2014,85.16666667,-6.75
11/19/2014,319.875,-2.041666667
11/20/2014,335.599359,-0.5
11/21/2014,169.150641,-6.375
11/22/2014,44.33333333,-8.875
11/23/2014,128.0416667,0.208333333
11/24/2014,96.125,-7.083333333
11/25/2014,173.1666667,-1.583333333
11/26/2014,302.1666667,-0.25
11/27/2014,80.41666667,-12.66666667
11/28/2014,95.375,-5.5
11/29/2014,301.5416667,0.041666667
11/30/2014,91.41666667,-12.91666667
12/1/2014,15.04166667,-22.375
12/2/2014,51.79166667,-19.5
12/3/2014,25.375,-22.25
12/4/2014,9.208333333,-22.41666667
12/5/2014,36.375,-20.25
12/6/2014,70.54166667,-16.54166667
12/7/2014,55.25,-12.875
12/8/2014,71.10416667,-13.29166667
12/9/2014,307.7291667,-8.583333333
12/10/2014,142.9583333,-12.04166667
12/11/2014,24.79166667,-17.04166667
12/12/2014,13.70833333,-18.79166667
12/13/2014,46.58333333,-15.66666667
12/14/2014,100.75,-14.875
12/15/2014,88.75,-16.54166667
12/16/2014,11.125,-19.45833333
12/17/2014,97.70833333,-16
12/18/2014,169.25,-10.08333333
12/19/2014,77.66666667,-14.41666667
12/20/2014,10.91666667,-18.58333333
12/21/2014,18.5,-18.54166667
12/22/2014,95.25,-13.375
12/23/2014,101.875,-13.16666667
12/24/2014,14.125,-14.41666667
12/25/2014,27,-13.125
12/26/2014,170.25,-9.583333333
12/27/2014,238.6666667,-9.666666667
12/28/2014,197.375,-10.79166667
12/29/2014,159,-12.33333333
12/30/2014,46.08333333,-13.91666667
12/31/2014,10.04166667,-21.79166667
